Número;Gis_X;Gis_Y;Fecha de Alta;Distrito;Barrio;Calle;Nº Finca;Tipo de Reserva;Línea / Batería;Número de Plazas;Texto Cajetines
01.02;441044,08;4475402,92;01-01-00;01  CENTRO;01-04 JUSTICIA;GENOVA, CALLE, DE;6;Taxi;Línea;2;
01.04;439299,36;4475722,88;26-01-15;01  CENTRO;01-05 UNIVERSIDAD;PRINCESA, CALLE, DE LA;56;Taxi;Línea;8;
01.05;439916,81;4473644,14;28-11-08;01  CENTRO;01-02 EMBAJADORES;TOLEDO, CALLE, DE;61;Taxi;Batería;7;
01.08;440504,17;4473353,06;01-07-10;01  CENTRO;01-02 EMBAJADORES;LAVAPIES, PLAZA, DEL;8;Taxi;Línea;4;
01.11 a;440968,67;4474059;03-05-11;01  CENTRO;01-03 CORTES;DUQUE DE MEDINACELI, CALLE, DEL;6;Taxi;Línea;9;
01.11 b;440974,8;4474009,13;03-03-11;01  CENTRO;01-03 CORTES;DUQUE DE MEDINACELI, CALLE, DEL;12;Taxi;Línea;5;
01.17;441329,99;4475203,19;21-12-09;01  CENTRO;01-04 JUSTICIA;GENOVA, CALLE, DE;28;Taxi;Línea;5;
01.18;439413,92;4475737,02;24-06-04;01  CENTRO;01-05 UNIVERSIDAD;SERRANO JOVER, CALLE, DE;5;Taxi;Línea;6;
01.24;439799,99;4474569,28;02-08-16;01  CENTRO;01-01 PALACIO;SANTO DOMINGO, CUESTA, DE;5;Taxi;Línea;3;
01.29;439823,46;4474828,07;23-04-97;01  CENTRO;01-01 PALACIO;ISABEL LA CATOLICA, CALLE, DE;19;Taxi;Línea;4;
01.40;440311,39;4474504,28;08-02-06;01  CENTRO;01-06 SOL;SALUD, CALLE, DE LA;9;Taxi;Línea;6;
01.41;440618,76;4474272,54;24-04-07;01  CENTRO;01-03 CORTES;ARLABAN, CALLE, DE;4;Taxi;Línea;3;
01.43;441152,5;4473477,13;01-07-10;01  CENTRO;01-03 CORTES;ATOCHA, CALLE, DE;123 B;Taxi;Batería;2;
01.45 a;440546,35;4475327,19;10-05-11;01  CENTRO;01-04 JUSTICIA;BARCELO, CALLE, DE;3;Taxi;Línea;9;
01.45 b;440622,72;4475359,36;01-07-14;01  CENTRO;01-04 JUSTICIA;BARCELO, CALLE, DE;9;Taxi;Línea;2;LAB. DE 8 A 20 H. EXCEPTO TRANSPORTE URBANO DE MERCANCIAS PERMITIDO TAXIS DE MIERCOLES A DOMINGO DE 20 A 8 H
01.46;440494,39;4473973,02;03-03-09;01  CENTRO;01-03 CORTES;ANGEL, PLAZA, DEL;8;Taxi;Línea;2;
01.47;440559,94;4475019,9;14-05-12;01  CENTRO;01-05 UNIVERSIDAD;FUENCARRAL, CALLE, DE;49;Taxi;Línea;2;
01.51;439838,72;4474684,34;14-07-17;01  CENTRO;01-01 PALACIO;SANTO DOMINGO, PLAZA, DE;9;Taxi;Línea;1;
01.52;441211,74;4473311,85;09-02-10;01  CENTRO;01-02 EMBAJADORES;EMPERADOR CARLOS V, PLAZA, DEL;8;Taxi;Línea;6;
01.54;440321,98;4474030,67;27-12-10;01  CENTRO;01-06 SOL;CARRETAS, CALLE, DE LAS;14;Taxi;Línea;2;
01.55;441059,61;4474064,26;28-01-11;01  CENTRO;01-03 CORTES;CANOVAS DEL CASTILLO, PLAZA, DE;5;Taxi;Línea;4;
01.56;439803,76;4474446,91;01-03-11;01  CENTRO;01-01 PALACIO;ISABEL II, PLAZA, DE;5;Taxi;Línea;3;
01.58;440147,76;4474216,2;27-12-12;01  CENTRO;01-06 SOL;MAYOR, CALLE;5;Taxi;Línea;7;
01.60;439634,82;4473663,49;11-10-13;01  CENTRO;01-01 PALACIO;SAN FRANCISCO, CARRERA, DE;2;Taxi;Línea;3;
01.62;440805,5;4473686,18;05-02-15;01  CENTRO;01-03 CORTES;ATOCHA, CALLE, DE;83;Taxi;Línea;1;
01.63;439753;4474471,38;26-01-15;01  CENTRO;01-01 PALACIO;ARRIETA, CALLE, DE;6;Taxi;Línea;3;
01.64;441017,52;4474823,5;19-09-18;01  CENTRO;01-04 JUSTICIA;PRIM, CALLE, DE;1;Taxi;Línea;3;
02.01;440778,73;4472184,97;01-01-00;02  ARGANZUELA;02-03 CHOPERA;JAIME EL CONQUISTADOR, CALLE, DE;1;Taxi;Línea;3;
02.03;439579,99;4473107,93;08-02-11;02  ARGANZUELA;02-01 IMPERIAL;PUERTA DE TOLEDO, GLORIETA, DE LA;4;Taxi;Batería;2;
02.04 a;439527,47;4473162,26;05-02-15;02  ARGANZUELA;02-01 IMPERIAL;SEGOVIA, RONDA, DE;52;Taxi;Línea;2;
02.04 b;439515,03;4473169,3;05-02-15;02  ARGANZUELA;02-01 IMPERIAL;SEGOVIA, RONDA, DE;52;Taxi;Línea;2;DE LUNES A VIERNES LABORABLES DE 9 A 15H.
02.05;440436,32;4472890,98;01-07-10;02  ARGANZUELA;02-06 PALOS DE MOGUER;EMBAJADORES, CALLE, DE;57;Taxi;Línea;6;
02.14;442677,5;4471787,06;01-07-10;02  ARGANZUELA;02-07 ATOCHA;RETAMA, CALLE, DE LA;S/N;Taxi;Línea;14;
02.15;441678,3;4472547,73;03-01-07;02  ARGANZUELA;02-06 PALOS DE MOGUER;CANARIAS, CALLE, DE LAS;S/N;Taxi;Línea;3;
02.17;441036,26;4471433,2;20-04-07;02  ARGANZUELA;02-05 DELICIAS;LEGAZPI, PLAZA, DE;2;Taxi;Batería;10;
02.20;442435,77;4471460,81;21-01-15;02  ARGANZUELA;02-04 LEGAZPI;TITAN, CALLE, DE;S/N;Taxi;Línea;2;
02.21;441154,14;4472816,37;26-11-10;02  ARGANZUELA;02-06 PALOS DE MOGUER;DELICIAS, PASEO, DE LAS;35;Taxi;Línea;2;
02.22;441434,81;4473023,39;15-12-10;02  ARGANZUELA;02-07 ATOCHA;MENDEZ ALVARO, CALLE, DE;S/N;Taxi;Línea;291;
02.23;438746;4473115,89;02-02-15;02  ARGANZUELA;02-01 IMPERIAL;VIRGEN DEL PUERTO, PASEO, DE LA;57;Taxi;Línea;3;
02.24;441983,39;4472205,92;27-08-12;02  ARGANZUELA;02-05 DELICIAS;MENDEZ ALVARO, CALLE, DE;44;Taxi;Línea;10;DE 8 A 20 HORAS
02.25;441222,95;4473165,23;14-10-13;02  ARGANZUELA;02-07 ATOCHA;MENDEZ ALVARO, CALLE, DE;1;Taxi;Línea;5;
02.26;442314,06;4471400,19;17-01-15;02  ARGANZUELA;02-04 LEGAZPI;TITAN, CALLE, DE;13;Taxi;Línea;3;
03.07;442659,23;4474412,13;01-01-00;03  RETIRO;03-04 IBIZA;IBIZA, CALLE, DE;21;Taxi;Línea;4;
03.09;442546,35;4473955,71;05-08-97;03  RETIRO;03-06 NIÑO JESÚS;MENENDEZ PELAYO, AVENIDA, DE;65;Taxi;Línea;6;
03.10;442658,15;4474727,7;11-12-08;03  RETIRO;03-04 IBIZA;NARVAEZ, CALLE, DE;29;Taxi;Línea;4;
03.11;441261,97;4474191,75;01-01-00;03  RETIRO;03-05 JERÓNIMOS;LEALTAD, PLAZA, DE LA;2;Taxi;Batería;6;
03.13;442647,29;4473055,74;01-01-00;03  RETIRO;03-01 PACÍFICO;CAVANILLES, CALLE, DE;21;Taxi;Línea;2;
03.16;443352,51;4473848,61;17-01-15;03  RETIRO;03-03 ESTRELLA;PEZ VOLADOR, CALLE, DEL;13;Taxi;Línea;2;
03.18;443210,26;4474446,97;07-06-00;03  RETIRO;03-04 IBIZA;DOCTOR ESQUERDO, CALLE, DEL;46;Taxi;Línea;8;
03.22;442997,12;4474732,36;01-07-10;03  RETIRO;03-04 IBIZA;O'DONNELL, CALLE, DE;48;Taxi;Línea;4;
03.25;443237,12;4473802,66;08-05-09;03  RETIRO;03-03 ESTRELLA;PEZ VOLADOR, CALLE, DEL;3;Taxi;Línea;4;
03.26;442911,32;4474549,19;15-04-10;03  RETIRO;03-04 IBIZA;MAIQUEZ, CALLE, DE;7;Taxi;Línea;3;
03.27;442385,73;4474560,11;26-10-10;03  RETIRO;03-04 IBIZA;MENENDEZ PELAYO, AVENIDA, DE;19;Taxi;Línea;2;
03.28;443236;4474357,17;21-05-12;03  RETIRO;03-03 ESTRELLA;DOCTOR ESQUERDO, CALLE, DEL;83;Taxi;Línea;4;
03.32;441269,21;4474067,32;02-07-13;03  RETIRO;03-05 JERÓNIMOS;FELIPE IV, CALLE, DE;1;Taxi;Línea;4;DE 10:00 A 20:00 H
03.33;443208,22;4473131,63;16-07-08;03  RETIRO;03-03 ESTRELLA;MEDITERRANEO, AVENIDA, DEL;43;Taxi;Línea;7;
03.35;443203,13;4474598,19;24-07-15;03  RETIRO;03-04 IBIZA;DOCTOR CASTELO, CALLE, DEL;51;Taxi;Línea;5;
03.35;442968,11;4474607,02;14-12-17;03  RETIRO;03-04 IBIZA;DOCTOR CASTELO, CALLE, DEL;54;Taxi;Línea;8;
03.36;441222,61;4474442,75;21-12-18;03  RETIRO;03-05 JERÓNIMOS;PRADO, PASEO, DEL;1;Taxi;Línea;4;
04.01;443279,6;4474960,68;01-01-00;04  SALAMANCA;04-03 FUENTE DEL BERRO;DOCTOR ESQUERDO, CALLE, DEL;47;Taxi;Línea;3;
04.02;442587,16;4475142,23;04-12-96;04  SALAMANCA;04-02 GOYA;GOYA, CALLE, DE;87;Taxi;Línea;8;
04.03;441863,55;4476309,45;20-12-17;04  SALAMANCA;04-06 CASTELLANA;CLAUDIO COELLO, CALLE, DE;139;Taxi;Línea;3;
04.04;442538,86;4475999,19;19-01-15;04  SALAMANCA;04-05 LISTA;JUAN BRAVO, CALLE, DE;41;Taxi;Línea;9;
04.05;442641,44;4475991,74;21-01-15;04  SALAMANCA;04-05 LISTA;JUAN BRAVO, CALLE, DE;49 A;Taxi;Línea;4;
04.06;443225,84;4475488,27;16-12-06;04  SALAMANCA;04-02 GOYA;MANUEL BECERRA, PLAZA, DE;4;Taxi;Línea;4;
04.07;441507,76;4475231,71;27-03-06;04  SALAMANCA;04-01 RECOLETOS;GOYA, CALLE, DE;1;Taxi;Línea;4;
04.08;442118,27;4475174,52;07-07-18;04  SALAMANCA;04-01 RECOLETOS;GOYA, CALLE, DE;47;Taxi;Línea;2;DE 10:00 A.M A 08:00 A.M.
04.09;442355,61;4475159,11;04-10-01;04  SALAMANCA;04-02 GOYA;GOYA, CALLE, DE;67;Taxi;Línea;4;
04.10;442060,43;4475746,44;01-12-04;04  SALAMANCA;04-06 CASTELLANA;JOSE ORTEGA Y GASSET, CALLE, DE;29;Taxi;Línea;9;
04.12;441833,29;4475196,64;17-01-15;04  SALAMANCA;04-01 RECOLETOS;GOYA, CALLE, DE;25;Taxi;Línea;5;
04.13;442012,69;4475181,99;17-01-15;04  SALAMANCA;04-01 RECOLETOS;GOYA, CALLE, DE;37;Taxi;Línea;7;
04.14;442224,75;4475168,86;29-01-15;04  SALAMANCA;04-01 RECOLETOS;GOYA, CALLE, DE;57;Taxi;Línea;5;
04.15 a;442457,91;4475151,91;18-07-00;04  SALAMANCA;04-02 GOYA;GOYA, CALLE, DE;77;Taxi;Línea;4;
04.15 b;442482,71;4475149,72;29-01-15;04  SALAMANCA;04-02 GOYA;GOYA, CALLE, DE;79;Taxi;Línea;4;
04.17;441998,81;4475486,01;01-01-00;04  SALAMANCA;04-01 RECOLETOS;VELAZQUEZ, CALLE, DE;58;Taxi;Línea;8;
04.19;442724,87;4476198,83;21-01-98;04  SALAMANCA;04-05 LISTA;DIEGO DE LEON, CALLE, DE;64;Taxi;Línea;4;
04.20;441575,21;4475688,54;01-01-00;04  SALAMANCA;04-06 CASTELLANA;CASTELLANA, PASEO, DE LA;22;Taxi;Línea;8;
04.22;443107,22;4475105,52;01-01-00;04  SALAMANCA;04-02 GOYA;GOYA, CALLE, DE;127;Taxi;Línea;3;
04.23;442754,14;4475111,07;18-10-16;04  SALAMANCA;04-02 GOYA;GOYA, CALLE, DE;76;Taxi;Línea;4;
04.25 a;441648,8;4476052,74;24-10-03;04  SALAMANCA;04-06 CASTELLANA;CASTELLANA, PASEO, DE LA;40;Taxi;Línea;6;
04.25 b;441642,41;4476015,9;05-03-12;04  SALAMANCA;04-06 CASTELLANA;CASTELLANA, PASEO, DE LA;38;Taxi;Línea;5;
04.27 a;443795,3;4475830,25;14-05-97;04  SALAMANCA;04-04 GUINDALERA;ALCALA, CALLE, DE;237;Taxi;Línea;8;EN DIAS DEESPECTACULO
04.27 b;443851,82;4475886,86;16-05-97;04  SALAMANCA;04-04 GUINDALERA;ALCALA, CALLE, DE;237;Taxi;Línea;28;RESERVADO TAXIS DE 20 A 22 H. EN DIAS DE EXPECTACULO
04.29;441521,28;4475329,49;25-09-10;04  SALAMANCA;04-01 RECOLETOS;HERMOSILLA, CALLE, DE;2;Taxi;Línea;1;
04.35;443736,12;4476636,36;12-07-01;04  SALAMANCA;04-04 GUINDALERA;BRUSELAS, AVENIDA, DE;51;Taxi;Batería;3;
04.36;443682,88;4476305,2;31-03-15;04  SALAMANCA;04-04 GUINDALERA;BIARRITZ, CALLE, DE;1;Taxi;Línea;3;
04.37;443099,48;4475238,53;21-10-97;04  SALAMANCA;04-02 GOYA;FUENTE DEL BERRO, CALLE, DE LA;19;Taxi;Línea;3;
04.43;441978,81;4474861,42;02-12-02;04  SALAMANCA;04-01 RECOLETOS;VILLANUEVA, CALLE, DE;25;Taxi;Línea;5;
04.44;442963,09;4476593,22;07-07-00;04  SALAMANCA;04-04 GUINDALERA;CARTAGENA, CALLE, DE;83;Taxi;Línea;3;
04.46;443005,02;4474840,8;16-01-01;04  SALAMANCA;04-02 GOYA;DUQUE DE SESTO, CALLE, DEL;56;Taxi;Línea;2;
04.50;443556,22;4476977,16;24-05-11;04  SALAMANCA;04-04 GUINDALERA;AMERICA, AVENIDA, DE;S/N;Taxi;Línea;5;DÍAS LABORABLES DE LUNES A VIERNES DE 8 A 19 H
04.52;441496,43;4475309,07;17-01-15;04  SALAMANCA;04-01 RECOLETOS;CASTELLANA, PASEO, DE LA;2;Taxi;Línea;7;
04.53;442948,55;4476695,89;19-01-15;04  SALAMANCA;04-04 GUINDALERA;AMERICA, AVENIDA, DE;32;Taxi;Línea;2;
04.55;442691,47;4476616,92;02-01-15;04  SALAMANCA;04-04 GUINDALERA;AMERICA, AVENIDA, DE;10;Taxi;Línea;5;
04.56;442690,06;4476088,88;16-07-15;04  SALAMANCA;04-05 LISTA;MALDONADO, CALLE, DE;52;Taxi;Línea;3;
04.57;441753,5;4475946;15-01-15;04  SALAMANCA;04-06 CASTELLANA;SERRANO, CALLE, DE;88;Taxi;Línea;4;
04.59;441703,1;4475513,12;14-01-15;04  SALAMANCA;04-01 RECOLETOS;SERRANO, CALLE, DE;54;Taxi;Línea;7;
04.60;441680,46;4475360,55;14-01-15;04  SALAMANCA;04-01 RECOLETOS;SERRANO, CALLE, DE;44;Taxi;Línea;8;
04.61;441664,69;4475255,61;14-01-15;04  SALAMANCA;04-01 RECOLETOS;SERRANO, CALLE, DE;38;Taxi;Línea;7;
04.63;441587,73;4474690,36;14-01-15;04  SALAMANCA;04-01 RECOLETOS;SERRANO, CALLE, DE;2;Taxi;Línea;5;
04.64;441732,31;4475707,36;22-10-15;04  SALAMANCA;04-06 CASTELLANA;SERRANO, CALLE, DE;70;Taxi;Línea;11;
04.65;442749,79;4475130,63;18-10-16;04  SALAMANCA;04-02 GOYA;GOYA, CALLE, DE;91;Taxi;Línea;3;
04.66;441595,43;4476422,35;18-11-17;04  SALAMANCA;04-06 CASTELLANA;LOPEZ DE HOYOS, CALLE, DE;4;Taxi;Línea;3;
04.67;442104,78;4475176,64;07-07-18;04  SALAMANCA;04-01 RECOLETOS;GOYA, CALLE, DE;45;Taxi;Línea;3;
05.01;441663,48;4477933,21;01-01-00;05  CHAMARTÍN;05-01 EL VISO;LA HABANA, PASEO, DE;15;Taxi;Línea;6;
05.03;442235,42;4478165,95;01-01-00;05  CHAMARTÍN;05-04 HISPANOAMÉRICA;SERRANO, CALLE, DE;199;Taxi;Línea;4;
05.04;441480,51;4478118,13;26-05-04;05  CHAMARTÍN;05-01 EL VISO;CASTELLANA, PASEO, DE LA;138;Taxi;Línea;3;
05.05 a;441799,57;4478111,9;31-01-05;05  CHAMARTÍN;05-01 EL VISO;SAGRADOS CORAZONES, PLAZA, DE LOS;1;Taxi;Línea;4;
05.05 b;441776,35;4478126,77;31-01-05;05  CHAMARTÍN;05-01 EL VISO;CONCHA ESPINA, AVENIDA, DE;16;Taxi;Línea;5;
05.06 a;441672,34;4479113,93;01-07-10;05  CHAMARTÍN;05-05 NUEVA ESPAÑA;DOCTOR FLEMING, CALLE, DEL;29;Taxi;Línea;2;
05.06 b;441657,26;4479102,11;14-01-15;05  CHAMARTÍN;05-05 NUEVA ESPAÑA;JUAN HURTADO DE MENDOZA, CALLE, DE;7;Taxi;Batería;4;
05.07;443210,96;4477114,88;11-04-00;05  CHAMARTÍN;05-02 PROSPERIDAD;CLARA DEL REY, CALLE, DE;26;Taxi;Línea;5;
05.08;442451,63;4476946,15;14-09-11;05  CHAMARTÍN;05-02 PROSPERIDAD;PRINCIPE DE VERGARA, CALLE, DEL;122;Taxi;Línea;2;
05.15;441860,34;4478842,01;10-12-14;05  CHAMARTÍN;05-04 HISPANOAMÉRICA;PADRE DAMIAN, CALLE, DEL;23;Taxi;Línea;3;
05.16;442591,94;4478857,2;01-01-00;05  CHAMARTÍN;05-04 HISPANOAMÉRICA;REPUBLICA DOMINICANA, PLAZA, DE LA;1;Taxi;Línea;4;
05.17;443022,04;4478665,17;19-05-03;05  CHAMARTÍN;05-04 HISPANOAMÉRICA;VICTOR DE LA SERNA, CALLE, DE;37;Taxi;Línea;4;
05.18;442396,99;4478345,07;01-07-01;05  CHAMARTÍN;05-04 HISPANOAMÉRICA;SERRANO, CALLE, DE;211;Taxi;Línea;4;
05.19;441926,29;4480246,31;01-01-00;05  CHAMARTÍN;05-06 CASTILLA;AGUSTIN DE FOXA, CALLE, DE;27;Taxi;Línea;5;
05.22 a;441518,56;4478585,81;02-02-05;05  CHAMARTÍN;05-04 HISPANOAMÉRICA;CASTELLANA, PASEO, DE LA;152;Taxi;Línea;3;
05.22 b;441517,53;4478571,92;02-02-05;05  CHAMARTÍN;05-04 HISPANOAMÉRICA;CASTELLANA, PASEO, DE LA;150;Taxi;Línea;1;
05.23;443183,55;4479388,17;01-06-15;05  CHAMARTÍN;05-05 NUEVA ESPAÑA;DRACENA, CALLE, DE LA;23;Taxi;Línea;11;
05.25;442186,14;4480392,13;26-12-01;05  CHAMARTÍN;05-06 CASTILLA;HIEDRA, CALLE, DE LA;S/N;Taxi;Línea;45;SUPLEMENTO DE TARIFA AUTORIZADO SALIDA DE ESTACION
05.26;441420,74;4477458,59;29-01-15;05  CHAMARTÍN;05-01 EL VISO;CASTELLANA, PASEO, DE LA;108;Taxi;Línea;8;
05.28 a;442207,82;4478588,05;06-06-95;05  CHAMARTÍN;05-04 HISPANOAMÉRICA;LA HABANA, PASEO, DE;75;Taxi;Línea;2;
05.28 b;442193,81;4478573,95;22-11-00;05  CHAMARTÍN;05-04 HISPANOAMÉRICA;LA HABANA, PASEO, DE;73;Taxi;Línea;3;
05.29;443514,97;4477246,69;14-01-15;05  CHAMARTÍN;05-02 PROSPERIDAD;SANTA HORTENSIA, CALLE, DE;26;Taxi;Batería;7;
05.31;442996,67;4479836,66;21-07-00;05  CHAMARTÍN;05-06 CASTILLA;JOSE BARDASANO BAOS, CALLE, DE;8;Taxi;Línea;3;
05.32;442647,41;4477777,29;30-10-14;05  CHAMARTÍN;05-03 CIUDAD JARDÍN;PRADILLO, CALLE, DE;2;Taxi;Línea;6;
05.36;442288,77;4476906,49;01-01-00;05  CHAMARTÍN;05-01 EL VISO;LOPEZ DE HOYOS, GLORIETA, DE;4;Taxi;Línea;3;
05.37;443293,92;4477904,75;30-10-14;05  CHAMARTÍN;05-03 CIUDAD JARDÍN;PRADILLO, CALLE, DE;60;Taxi;Línea;5;Dias laborables de 8 a 20 h.
05.39;441663,92;4479911,62;05-06-97;05  CHAMARTÍN;05-06 CASTILLA;AGUSTIN DE FOXA, CALLE, DE;5;Taxi;Línea;4;
05.42;442714,92;4480550,94;11-01-01;05  CHAMARTÍN;05-06 CASTILLA;BURGOS, AVENIDA, DE;12;Taxi;Línea;5;EXCEPTO SABADOS Y FESTIVOS
05.44;442591,41;4478749,66;22-10-01;05  CHAMARTÍN;05-04 HISPANOAMÉRICA;PRINCIPE DE VERGARA, CALLE, DEL;267;Taxi;Línea;4;
05.46;443238,23;4476899,35;05-10-05;05  CHAMARTÍN;05-02 PROSPERIDAD;AMERICA, AVENIDA, DE;43;Taxi;Línea;4;
05.47 a;442598,37;4476601,8;02-01-15;05  CHAMARTÍN;05-02 PROSPERIDAD;AMERICA, AVENIDA, DE;9 A;Taxi;Línea;22;SUPLEMENTO DE TARIFA AUTORIZADO SALIDA DE ESTACIÓN
05.47 b;442641,51;4476638,3;02-01-15;05  CHAMARTÍN;05-02 PROSPERIDAD;AMERICA, AVENIDA, DE;13;Taxi;Línea;3;SUPLEMENTO DE TARIFA AUTORIZADO SALIDA DE ESTACIÓN
05.48;441609,98;4479765,44;06-04-10;05  CHAMARTÍN;05-06 CASTILLA;CASTILLA, PLAZA, DE;8;Taxi;Línea;3;
05.49;441851,3;4480877,92;09-06-11;05  CHAMARTÍN;05-06 CASTILLA;MANUEL CALDEIRO, CALLE, DE;Fte 1;Taxi;Batería;5;
05.50;441557,16;4479645,05;30-11-09;05  CHAMARTÍN;05-05 NUEVA ESPAÑA;CASTILLA, PLAZA, DE;9;Taxi;Línea;6;
05.51;443677,53;4478565,62;21-09-12;05  CHAMARTÍN;05-04 HISPANOAMÉRICA;EUCALIPTO, CALLE, DEL;31;Taxi;Línea;3;
05.52;441578,67;4479312,63;15-03-13;05  CHAMARTÍN;05-05 NUEVA ESPAÑA;CASTELLANA, PASEO, DE LA;200;Taxi;Línea;4;
05.53;442488,29;4477651,45;15-03-13;05  CHAMARTÍN;05-01 EL VISO;PRINCIPE DE VERGARA, CALLE, DEL;187;Taxi;Línea;4;
05.54;441830,3;4478898,25;01-01-00;05  CHAMARTÍN;05-04 HISPANOAMÉRICA;ALBERTO ALCOCER, AVENIDA, DE;12 B;Taxi;Línea;8;
05.55;442762,48;4477246,86;15-09-15;05  CHAMARTÍN;05-03 CIUDAD JARDÍN;SUERO DE QUIÑONES, CALLE, DE;S/N;Taxi;Línea;4;
06.05;441502,27;4479718,39;18-02-10;06  TETUÁN;06-04 ALMENARA;BRAVO MURILLO, CALLE, DE;379;Taxi;Línea;5;
06.06 a;441349,87;4477652,2;06-11-98;06  TETUÁN;06-02 CUATRO CAMINOS;CASTELLANA, PASEO, DE LA;69;Taxi;Línea;10;
06.06 b;441353,72;4477698,49;29-01-15;06  TETUÁN;06-02 CUATRO CAMINOS;CASTELLANA, PASEO, DE LA;S/N;Taxi;Línea;10;Lunes a Viernes
06.07;440796,65;4478011,12;01-01-00;06  TETUÁN;06-02 CUATRO CAMINOS;AVIADOR ZORITA, CALLE, DEL;38;Taxi;Línea;7;
06.09;441339,39;4479170,92;01-01-00;06  TETUÁN;06-03 CASTILLEJOS;POETA JOAN MARAGALL, CALLE, DEL;46;Taxi;Línea;12;
06.10;441226,83;4477617,63;21-09-09;06  TETUÁN;06-02 CUATRO CAMINOS;CASTELLANA, PASEO, DE LA;73;Taxi;Línea;15;
06.11;441114,17;4478886,43;01-01-00;06  TETUÁN;06-03 CASTILLEJOS;ORENSE, CALLE, DE;69;Taxi;Línea;3;
06.12;441108,87;4478060,37;03-03-17;06  TETUÁN;06-02 CUATRO CAMINOS;CARLOS TRIAS BERTRAN, PLAZA, DE;8;Taxi;Línea;3;
06.13 a;441021,63;4477730,08;01-07-10;06  TETUÁN;06-02 CUATRO CAMINOS;ORENSE, CALLE, DE;11;Taxi;Línea;2;
06.13 b;441022,98;4477750,68;01-07-10;06  TETUÁN;06-02 CUATRO CAMINOS;ORENSE, CALLE, DE;11;Taxi;Línea;4;
06.13 c;441024,39;4477771,55;28-01-15;06  TETUÁN;06-02 CUATRO CAMINOS;ORENSE, CALLE, DE;11;Taxi;Línea;4;Laborables de 9 a 14 h.
06.15;441126,04;4478514,07;01-01-00;06  TETUÁN;06-02 CUATRO CAMINOS;PEDRO TEIXEIRA, CALLE, DE;5;Taxi;Batería;6;
06.16;441383,45;4478062,96;05-02-15;06  TETUÁN;06-02 CUATRO CAMINOS;CASTELLANA, PASEO, DE LA;S/N;Taxi;Línea;9;
06.17 a;441335,13;4478162,23;01-07-10;06  TETUÁN;06-02 CUATRO CAMINOS;GENERAL PERON, AVENIDA, DEL;S/N;Taxi;Línea;9;
06.17 b;441287,68;4478166,29;25-05-12;06  TETUÁN;06-02 CUATRO CAMINOS;GENERAL PERON, AVENIDA, DEL;S/N;Taxi;Línea;6;
06.17 c;441257,46;4478168,83;28-01-15;06  TETUÁN;06-02 CUATRO CAMINOS;GENERAL PERON, AVENIDA, DEL;S/N;Taxi;Línea;3;
06.17 d;441200,8;4478173,43;29-01-15;06  TETUÁN;06-02 CUATRO CAMINOS;GENERAL PERON, AVENIDA, DEL;36;Taxi;Línea;7;Lunes a Viernes
06.19;439933,04;4478276,55;23-04-97;06  TETUÁN;06-01 BELLAS VISTAS;JERONIMA LLORENTE, CALLE, DE;69;Taxi;Línea;3;
06.24;440784,21;4478826,73;21-03-14;06  TETUÁN;06-03 CASTILLEJOS;HUESCA, CALLE, DE;21;Taxi;Línea;2;DE LUNES A VIERNES LABORABLES DE 8.00 A 20.00 H
06.26 a;441048;4478065,4;28-01-15;06  TETUÁN;06-02 CUATRO CAMINOS;ORENSE, CALLE, DE;25;Taxi;Línea;2;
06.26 b;441049,34;4478081;28-01-15;06  TETUÁN;06-02 CUATRO CAMINOS;ORENSE, CALLE, DE;25;Taxi;Línea;4;
06.30;441006,96;4477585,64;05-02-15;06  TETUÁN;06-02 CUATRO CAMINOS;ORENSE, CALLE, DE;1;Taxi;Línea;5;
06.31;439836,01;4477889,79;29-01-15;06  TETUÁN;06-01 BELLAS VISTAS;ALMANSA, CALLE, DE;68;Taxi;Línea;1;
06.32;441368,81;4479571,66;16-05-07;06  TETUÁN;06-03 CASTILLEJOS;POETA JOAN MARAGALL, CALLE, DEL;59;Taxi;Batería;3;
06.34;441436,07;4478912,13;01-06-12;06  TETUÁN;06-03 CASTILLEJOS;CASTELLANA, PASEO, DE LA;133;Taxi;Batería;6;
06.35;441368,83;4477882,94;05-02-15;06  TETUÁN;06-02 CUATRO CAMINOS;CASTELLANA, PASEO, DE LA;S/N;Taxi;Línea;10;Lunes a viernes
06.36;441049,52;4477844,96;29-01-15;06  TETUÁN;06-02 CUATRO CAMINOS;ORENSE, CALLE, DE;12;Taxi;Línea;5;
06.37;441149,48;4479035,1;06-02-15;06  TETUÁN;06-03 CASTILLEJOS;ORENSE, CALLE, DE;60;Taxi;Batería;5;
07.02;439887,74;4476694,87;01-01-00;07  CHAMBERÍ;07-02 ARAPILES;CEA BERMUDEZ, CALLE, DE;15;Taxi;Línea;4;
07.03;440402,11;4475663,24;01-07-10;07  CHAMBERÍ;07-03 TRAFALGAR;FUENCARRAL, CALLE, DE;109;Taxi;Línea;3;
07.06 a;440943,16;4476511,47;01-01-00;07  CHAMBERÍ;07-04 ALMAGRO;MODESTO LAFUENTE, CALLE, DE;14;Taxi;Línea;3;
07.06 b;440944,43;4476532,89;02-03-12;07  CHAMBERÍ;07-04 ALMAGRO;MODESTO LAFUENTE, CALLE, DE;16 B;Taxi;Línea;4;De Lunes a Viernes de 8 a 16 h.
07.09;440767,87;4476202;01-01-00;07  CHAMBERÍ;07-04 ALMAGRO;SANTA ENGRACIA, CALLE, DE;54;Taxi;Línea;4;
07.10 a;441429,81;4476496,14;26-09-05;07  CHAMBERÍ;07-04 ALMAGRO;CASTELLANA, PASEO, DE LA;51;Taxi;Línea;5;
07.10 a;441446,65;4476463,98;01-01-00;07  CHAMBERÍ;07-04 ALMAGRO;CASTELLANA, PASEO, DE LA;51;Taxi;Línea;8;
07.12;440324,82;4475911,79;03-01-07;07  CHAMBERÍ;07-03 TRAFALGAR;FUENCARRAL, CALLE, DE;131;Taxi;Línea;3;
07.15;440257,67;4476416,47;01-12-04;07  CHAMBERÍ;07-02 ARAPILES;BRAVO MURILLO, CALLE, DE;27;Taxi;Línea;2;
07.16;439495,27;4476723,12;02-02-15;07  CHAMBERÍ;07-01 GAZTAMBIDE;CEA BERMUDEZ, CALLE, DE;45;Taxi;Línea;2;
07.17;439589,65;4477504,81;01-01-00;07  CHAMBERÍ;07-06 VALLEHERMOSO;GUZMAN EL BUENO, CALLE, DE;139;Taxi;Línea;5;
07.20;439396,05;4477467,11;06-06-03;07  CHAMBERÍ;07-06 VALLEHERMOSO;REINA VICTORIA, AVENIDA, DE LA;57;Taxi;Línea;4;
07.23 a;440870,85;4477036,49;28-07-98;07  CHAMBERÍ;07-05 RÍOS ROSAS;RIOS ROSAS, CALLE, DE;45;Taxi;Línea;4;
07.23 b;440903,35;4477034,11;05-02-15;07  CHAMBERÍ;07-05 RÍOS ROSAS;RIOS ROSAS, CALLE, DE;49;Taxi;Línea;4;
07.24;440250,4;4476181,7;01-01-00;07  CHAMBERÍ;07-02 ARAPILES;BRAVO MURILLO, CALLE, DE;1;Taxi;Línea;3;
07.31;440036,36;4475849,16;13-05-97;07  CHAMBERÍ;07-02 ARAPILES;CONDE DEL VALLE DE SUCHIL, PLAZA, DEL;14;Taxi;Línea;3;
07.32;440872,16;4475881,61;10-04-96;07  CHAMBERÍ;07-04 ALMAGRO;SANTA ENGRACIA, CALLE, DE;32;Taxi;Línea;5;
07.33;440165,04;4475703,81;01-11-97;07  CHAMBERÍ;07-03 TRAFALGAR;RUIZ JIMENEZ, GLORIETA, DE;4;Taxi;Línea;4;
07.34;439979,53;4475846,83;13-05-97;07  CHAMBERÍ;07-02 ARAPILES;CONDE DEL VALLE DE SUCHIL, PLAZA, DEL;7;Taxi;Línea;3;
07.39;441181,74;4475817,47;28-07-98;07  CHAMBERÍ;07-04 ALMAGRO;ZURBANO, CALLE, DE;36;Taxi;Línea;3;
07.40;441204,16;4475914,61;10-11-10;07  CHAMBERÍ;07-04 ALMAGRO;GENERAL ARRANDO, CALLE, DEL;17;Taxi;Línea;3;Laborables de Lunes a Jueves de 8.30 a 17.30 h.
07.41;441236,14;4476705,03;18-07-00;07  CHAMBERÍ;07-05 RÍOS ROSAS;ZURBANO, CALLE, DE;81;Taxi;Línea;2;
07.42;441025,94;4476641,19;04-08-00;07  CHAMBERÍ;07-05 RÍOS ROSAS;JOSE ABASCAL, CALLE, DE;47;Taxi;Línea;2;
07.43;441350,55;4476722,87;14-12-00;07  CHAMBERÍ;07-05 RÍOS ROSAS;CASTELLANA, PASEO, DE LA;59;Taxi;Línea;3;
07.47;440338,61;4477486,55;25-10-17;07  CHAMBERÍ;07-05 RÍOS ROSAS;SANTA ENGRACIA, CALLE, DE;177;Taxi;Línea;2;
07.48;441560,62;4475995,04;22-06-06;07  CHAMBERÍ;07-04 ALMAGRO;CASTELLANA, PASEO, DE LA;33;Taxi;Línea;2;
07.50;439444,55;4477294,91;05-02-15;07  CHAMBERÍ;07-06 VALLEHERMOSO;MAESTRO ÁNGEL LLORCA, CALLE, DEL;8;Taxi;Línea;8;
07.51;439277,07;4477471,57;05-02-15;07  CHAMBERÍ;07-06 VALLEHERMOSO;LOMA, CALLE, DE LA;9;Taxi;Línea;1;
07.52;439179,8;4477496,94;26-01-17;07  CHAMBERÍ;07-06 VALLEHERMOSO;GRANJA, CALLE, DE LA;10;Taxi;Línea;3;
08.02 a;441773,07;4482657,98;01-01-00;08  FUENCARRAL-EL PARDO;08-06 VALVERDE;ISLAS JARVI, CALLE, DE LAS;2;Taxi;Línea;2;De lunes a viernes de 8 a 20 h.
08.02 b;441782,59;4482643,54;29-03-05;08  FUENCARRAL-EL PARDO;08-06 VALVERDE;ISLAS JARVI, CALLE, DE LAS;3;Taxi;Línea;2;En linea
08.03;441116,63;4482144,99;23-03-05;08  FUENCARRAL-EL PARDO;08-06 VALVERDE;SAN MODESTO, CALLE, DE;50;Taxi;Línea;21;
08.04 a;440024,72;4481757,84;01-07-10;08  FUENCARRAL-EL PARDO;08-04 EL PILAR;GINZO DE LIMIA, CALLE, DE;49;Taxi;Línea;5;
08.04 b;440048,16;4481737,07;01-07-10;08  FUENCARRAL-EL PARDO;08-04 EL PILAR;GINZO DE LIMIA, CALLE, DE;S/N;Taxi;Línea;5;
08.05;439607,04;4480408,1;26-03-03;08  FUENCARRAL-EL PARDO;08-04 EL PILAR;BETANZOS, AVENIDA, DE;5;Taxi;Línea;3;
08.07;441812,92;4481246,52;01-07-10;08  FUENCARRAL-EL PARDO;08-05 LA PAZ;ARZOBISPO MORCILLO, CALLE, DEL;S/N;Taxi;Línea;6;
08.08;438630,78;4481334,85;04-01-12;08  FUENCARRAL-EL PARDO;08-03 PEÑAGRANDE;RAMON GOMEZ DE LA SERNA, CALLE, DE;S/N;Taxi;Línea;4;
08.09;440402,66;4480663,35;01-01-00;08  FUENCARRAL-EL PARDO;08-04 EL PILAR;EL FERROL, AVENIDA, DE;1;Taxi;Línea;6;
08.10;441183,15;4481562,49;06-02-15;08  FUENCARRAL-EL PARDO;08-05 LA PAZ;JULIO PALACIOS, CALLE, DE;23;Taxi;Batería;2;De Lunes a Viernes
08.11;439484,59;4482319,65;17-03-05;08  FUENCARRAL-EL PARDO;08-07 MIRASIERRA;MASO, CALLE, DE LA;83;Taxi;Línea;4;
08.13;441588,31;4482516,83;15-12-10;08  FUENCARRAL-EL PARDO;08-06 VALVERDE;CARDENAL HERRERA ORIA, AVENIDA, DEL;78 C;Taxi;Línea;3;
08.14 a;440553,04;4482918,89;19-01-07;08  FUENCARRAL-EL PARDO;08-07 MIRASIERRA;COSTA BRAVA, CALLE, DE LA;13;Taxi;Línea;6;
08.14 b;440609,71;4482894,14;01-07-10;08  FUENCARRAL-EL PARDO;08-07 MIRASIERRA;COSTA BRAVA, CALLE, DE LA;S/N;Taxi;Línea;9;
08.16;439015,73;4481014,83;23-03-05;08  FUENCARRAL-EL PARDO;08-03 PEÑAGRANDE;SANTIAGO DE COMPOSTELA, CALLE, DE;94;Taxi;Línea;3;
08.17;437044,29;4480715,98;01-07-10;08  FUENCARRAL-EL PARDO;08-02 FUENTELARREINA;ARROYOFRESNO, CALLE, DE;FTE 17;Taxi;Línea;5;
08.18;439263,03;4482065,61;18-03-05;08  FUENCARRAL-EL PARDO;08-07 MIRASIERRA;VENTISQUERO DE LA CONDESA, AVENIDA, DEL;11;Taxi;Línea;2;
08.19 a;440211,66;4481167,4;22-01-15;08  FUENCARRAL-EL PARDO;08-04 EL PILAR;MONFORTE DE LEMOS, AVENIDA, DE;S/N;Taxi;Línea;3;
08.19 b;440243,42;4481175,93;11-04-03;08  FUENCARRAL-EL PARDO;08-04 EL PILAR;MONFORTE DE LEMOS, AVENIDA, DE;101;Taxi;Línea;3;
08.20;439668,83;4481024,37;30-01-15;08  FUENCARRAL-EL PARDO;08-04 EL PILAR;MONFORTE DE LEMOS, AVENIDA, DE;133;Taxi;Línea;1;
08.21 a;439224,39;4482822,05;18-03-05;08  FUENCARRAL-EL PARDO;08-07 MIRASIERRA;VENTISQUERO DE LA CONDESA, AVENIDA, DEL;44;Taxi;Línea;4;
08.21 b;439233,85;4482807,34;22-01-15;08  FUENCARRAL-EL PARDO;08-07 MIRASIERRA;VENTISQUERO DE LA CONDESA, AVENIDA, DEL;44 A;Taxi;Línea;3;Laborables de Lunes a Viernes de 8 a 20 h.
08.23;441706,05;4482321,79;29-03-05;08  FUENCARRAL-EL PARDO;08-06 VALVERDE;XAUDARO, CALLE, DE;Fte 1;Taxi;Línea;4;
08.24;441151,37;4481969,02;01-07-10;08  FUENCARRAL-EL PARDO;08-06 VALVERDE;SAN MODESTO, CALLE, DE;S/N;Taxi;Línea;5;
08.25;443106,31;4485084,56;25-01-05;08  FUENCARRAL-EL PARDO;08-06 VALVERDE;ISABEL COLBRAND, CALLE, DE;4;Taxi;Batería;4;
08.26;440790,96;4482046,75;10-09-02;08  FUENCARRAL-EL PARDO;08-05 LA PAZ;SANGENJO, CALLE, DE;34;Taxi;Línea;3;
08.27;440335,63;4482009,33;22-03-05;08  FUENCARRAL-EL PARDO;08-05 LA PAZ;ALFREDO MARQUERIE, CALLE, DE;43;Taxi;Línea;1;
08.28 a;440966,72;4482215,19;18-12-12;08  FUENCARRAL-EL PARDO;08-06 VALVERDE;SAN MODESTO, CALLE, DE;S/N;Taxi;Línea;9;
08.28 b;440965,34;4482163,28;18-12-12;08  FUENCARRAL-EL PARDO;08-06 VALVERDE;SAN MODESTO, CALLE, DE;S/N;Taxi;Línea;14;De Lunes a Viernes de 8 a 15 h.
08.29;441775,4;4482242,12;15-12-10;08  FUENCARRAL-EL PARDO;08-06 VALVERDE;VALDEGOVIA, CALLE, DE;10;Taxi;Línea;5;
08.30;442730,01;4484873,01;02-01-06;08  FUENCARRAL-EL PARDO;08-06 VALVERDE;MARIA TUBAU, CALLE, DE;16;Taxi;Batería;4;
08.33;441803,24;4481220,87;17-10-07;08  FUENCARRAL-EL PARDO;08-05 LA PAZ;ARZOBISPO MORCILLO, CALLE, DEL;S/N;Taxi;Línea;7;
08.34 ;443157,61;4484303,93;07-04-09;08  FUENCARRAL-EL PARDO;08-06 VALVERDE;CAMINO DE SANTIAGO, AVENIDA, DEL;46;Taxi;Línea;11;
08.35 a;441786,92;4480915,86;07-04-09;08  FUENCARRAL-EL PARDO;08-05 LA PAZ;CASTELLANA, PASEO, DE LA;259;Taxi;Línea;14;
08.35 b;441804,23;4480993,83;21-01-15;08  FUENCARRAL-EL PARDO;08-05 LA PAZ;CASTELLANA, PASEO, DE LA;259;Taxi;Línea;8;De lunes a viernes de 9 a 14 h
08.36;442455,73;4484558,16;01-07-10;08  FUENCARRAL-EL PARDO;08-06 VALVERDE;ISABEL COLBRAND, CALLE, DE;22;Taxi;Línea;7;
08.37;441086,51;4484099,91;10-09-12;08  FUENCARRAL-EL PARDO;08-08 EL GOLOSO;MONASTERIO DE SILOS, AVENIDA, DEL;63;Taxi;Línea;4;
08.38;443827,86;4485260,8;02-07-10;08  FUENCARRAL-EL PARDO;08-06 VALVERDE;COMUNICACION, RONDA, DE LA;Fte 20;Taxi;Línea;10;
08.39;443779,31;4484893,69;23-12-13;08  FUENCARRAL-EL PARDO;08-06 VALVERDE;COMUNICACION, RONDA, DE LA;36;Taxi;Batería;4;
08.40;439394,73;4482295,08;01-07-10;08  FUENCARRAL-EL PARDO;08-07 MIRASIERRA;MASO, CALLE, DE LA;38;Taxi;Línea;4;
08.41;439962,15;4481130,33;06-02-15;08  FUENCARRAL-EL PARDO;08-04 EL PILAR;MONFORTE DE LEMOS, AVENIDA, DE;34;Taxi;Línea;3;
08.43;443292,76;4483326,93;05-06-12;08  FUENCARRAL-EL PARDO;08-06 VALVERDE;QUINTANAVIDES, CALLE, DE;23;Taxi;Línea;5;
08.45;440843,17;4484002,4;30-01-15;08  FUENCARRAL-EL PARDO;08-08 EL GOLOSO;MONASTERIO DE EL ESCORIAL, AVENIDA, DEL;S/N;Taxi;Batería;5;
08.46;440421,64;4481214,17;07-05-12;08  FUENCARRAL-EL PARDO;08-05 LA PAZ;MONFORTE DE LEMOS, AVENIDA, DE;85;Taxi;Batería;3;De Lunes a Viernes de 8 a 19 h.
08.47;444011,11;4485082,11;27-09-12;08  FUENCARRAL-EL PARDO;08-06 VALVERDE;COMUNICACION, RONDA, DE LA;S/N;Taxi;Línea;5;
08.48;442836,39;4482805,36;19-06-18;08  FUENCARRAL-EL PARDO;08-06 VALVERDE;FUENCARRAL A HORTALEZA, CARRETERA, DE;8;Taxi;Batería;5;
08.49;443787,81;4483706,77;28-06-13;08  FUENCARRAL-EL PARDO;08-06 VALVERDE;ABETAL, CALLE, DEL;8;Taxi;Línea;7;
08.50 a;443865,59;4483563,41;28-06-13;08  FUENCARRAL-EL PARDO;08-06 VALVERDE;ABETAL, CALLE, DEL;S/N;Taxi;Línea;7;
08.50 b;443883,52;4483530,43;28-06-13;08  FUENCARRAL-EL PARDO;08-06 VALVERDE;ABETAL, CALLE, DEL;S/N;Taxi;Línea;5;
08.51;443099,35;4484239,63;20-04-17;08  FUENCARRAL-EL PARDO;08-06 VALVERDE;CAMINO DE SANTIAGO, AVENIDA, DEL;42;Taxi;Línea;2;
08.52;441480,16;4483568,24;01-06-17;08  FUENCARRAL-EL PARDO;08-06 VALVERDE;TRES OLIVOS, PLAZA, DE LOS;1;Taxi;Línea;2;
09.01;439426,33;4475445,41;01-06-12;09  MONCLOA-ARAVACA;09-02 ARGÜELLES;PRINCESA, CALLE, DE LA;27;Taxi;Línea;8;
09.02 a;439081,67;4476802,51;02-12-95;09  MONCLOA-ARAVACA;09-03 CIUDAD UNIVERSITARIA;DOCTOR JIMENEZ DIAZ, CALLE, DEL;S/N;Taxi;Línea;5;
09.02 b;439057,31;4476806,33;14-02-07;09  MONCLOA-ARAVACA;09-03 CIUDAD UNIVERSITARIA;DOCTOR JIMENEZ DIAZ, CALLE, DEL;S/N;Taxi;Línea;7;
09.02 c;438995,81;4476767,89;18-03-11;09  MONCLOA-ARAVACA;09-03 CIUDAD UNIVERSITARIA;DOCTOR JIMENEZ DIAZ, CALLE, DEL;2;Taxi;Línea;17;Laborables de 8 a 14 h.
09.03;439171,8;4475503,8;01-01-00;09  MONCLOA-ARAVACA;09-02 ARGÜELLES;QUINTANA, CALLE, DE;9;Taxi;Línea;2;
09.04;439220,16;4475826,61;15-04-11;09  MONCLOA-ARAVACA;09-02 ARGÜELLES;PRINCESA, CALLE, DE LA;57;Taxi;Línea;6;
09.05;438789,56;4474779,08;15-06-12;09  MONCLOA-ARAVACA;09-01 CASA DE CAMPO;FLORIDA, PASEO, DE LA;13;Taxi;Línea;4;
09.07;435424,71;4473390,28;17-03-05;09  MONCLOA-ARAVACA;09-01 CASA DE CAMPO;ZOO, CARRETERA, DEL;3;Taxi;Línea;4;
09.08;439009,38;4479976,38;10-07-96;09  MONCLOA-ARAVACA;09-04 VALDEZARZA;ANTONIO MACHADO, CALLE, DE;53;Taxi;Línea;4;
09.10;433905,39;4479013,83;11-04-08;09  MONCLOA-ARAVACA;09-07 ARAVACA;TEJADILLO, CALLE, DEL;13;Taxi;Línea;7;
09.11 a;433422,23;4478995,61;22-03-05;09  MONCLOA-ARAVACA;09-07 ARAVACA;GALAXIA, AVENIDA, DE LA;1;Taxi;Línea;5;
09.11 b;433422,56;4478970,17;22-03-05;09  MONCLOA-ARAVACA;09-07 ARAVACA;GALAXIA, AVENIDA, DE LA;3;Taxi;Línea;3;
09.12;438999,48;4476812,83;01-01-00;09  MONCLOA-ARAVACA;09-03 CIUDAD UNIVERSITARIA;PROFESOR MARTIN LAGOS, CALLE, DEL;2;Taxi;Línea;14;
09.13;438348,14;4479756,65;11-09-06;09  MONCLOA-ARAVACA;09-03 CIUDAD UNIVERSITARIA;SAN MARTIN DE PORRES, CALLE, DE;4;Taxi;Batería;11;
09.16;438941,51;4476256,32;03-08-95;09  MONCLOA-ARAVACA;09-02 ARGÜELLES;MORET, PASEO, DE;S/N;Taxi;Línea;10;
09.17 a;437762,97;4476108,96;27-05-99;09  MONCLOA-ARAVACA;09-01 CASA DE CAMPO;VALLADOLID, AVENIDA, DE;83;Taxi;Línea;3;
09.17 b;437796,64;4476057,06;22-01-15;09  MONCLOA-ARAVACA;09-01 CASA DE CAMPO;VALLADOLID, AVENIDA, DE;81;Taxi;Línea;3;Laborables de Lunes a Viernes de 8 a 14 h.
09.18;439900,39;4479235,14;27-05-99;09  MONCLOA-ARAVACA;09-04 VALDEZARZA;OFELIA NIETO, CALLE, DE;61 B;Taxi;Línea;4;
09.19;436317,96;4473922,84;18-03-05;09  MONCLOA-ARAVACA;09-01 CASA DE CAMPO;ALBERGUE JUVENIL, CARRETERA, DEL;S/N;Taxi;Línea;9;
09.22;438710,68;4477179,88;13-08-98;09  MONCLOA-ARAVACA;09-03 CIUDAD UNIVERSITARIA;DOCTOR SEVERO OCHOA, CALLE, DEL;5;Taxi;Línea;6;
09.25;433435,76;4479629,75;17-03-05;09  MONCLOA-ARAVACA;09-05 VALDEMARÍN;ZARZUELA, CAMINO, DE LA;3;Taxi;Línea;3;
09.26;432014,42;4479886,84;17-03-05;09  MONCLOA-ARAVACA;09-06 EL PLANTÍO;MUSGO, CALLE, DEL;2;Taxi;Línea;5;
09.28;437999,1;4474098,36;30-11-04;09  MONCLOA-ARAVACA;09-01 CASA DE CAMPO;PUERTA DEL ANGEL, PASEO, DE LA;3;Taxi;Línea;2;
09.29;438854,23;4474673,41;01-06-90;09  MONCLOA-ARAVACA;09-01 CASA DE CAMPO;SAN VICENTE, GLORIETA, DE;1;Taxi;Línea;6;De 6 a 24 h.
09.31;439153,53;4479377,7;29-05-13;09  MONCLOA-ARAVACA;09-04 VALDEZARZA;ALCALDE MARTIN DE ALZAGA, CALLE, DEL;9;Taxi;Batería;3;De Lunes a Viernes de 8 a 20 h.
09.32;439184,66;4477703,69;06-06-95;09  MONCLOA-ARAVACA;09-03 CIUDAD UNIVERSITARIA;JUAN XXIII, PASEO, DE;22;Taxi;Línea;10;
09.33;439700,86;4479482,5;30-01-15;09  MONCLOA-ARAVACA;09-04 VALDEZARZA;AZUAGA, CALLE, DE;42;Taxi;Batería;2;
09.37;437486,17;4474103,13;31-07-18;09  MONCLOA-ARAVACA;09-01 CASA DE CAMPO;FERIAL, CALLE, DEL;S/N;Taxi;Línea;5;
10.01;434450,49;4469946,17;16-12-04;10  LATINA;10-07 ÁGUILAS;BLAS CABRERA, CALLE, DE;54;Taxi;Línea;2;
10.02;435897,59;4471519;30-01-15;10  LATINA;10-04 ALUCHE;ILLESCAS, CALLE, DE;S/N;Taxi;Línea;2;
10.03;434811,22;4471842,39;22-01-19;10  LATINA;10-04 ALUCHE;PADRE PIQUER, AVENIDA, DEL;9;Taxi;Línea;6;
10.04;438211,44;4473896,54;02-02-15;10  LATINA;10-02 PUERTA DEL ÁNGEL;ANTILLON, CALLE, DE;2;Taxi;Línea;2;
10.05;435166,29;4471926,78;16-12-04;10  LATINA;10-04 ALUCHE;ILLESCAS, CALLE, DE;59;Taxi;Línea;4;
10.07;433488,35;4470654,71;30-01-15;10  LATINA;10-07 ÁGUILAS;FUENTE DE LIMA, CALLE, DE LA;3;Taxi;Línea;2;
10.08;434636,4;4470136,13;01-07-10;10  LATINA;10-07 ÁGUILAS;JOSE DE CADALSO, CALLE, DE;S/N;Taxi;Línea;3;
10.11;437367,41;4473645,85;05-08-09;10  LATINA;10-02 PUERTA DEL ÁNGEL;PORTUGAL, AVENIDA, DE;155;Taxi;Línea;2;
10.13;435382,44;4470814,41;24-11-05;10  LATINA;10-04 ALUCHE;POBLADOS, AVENIDA, DE LOS;41;Taxi;Línea;5;
10.18;436735,03;4472959,61;08-02-11;10  LATINA;10-03 LUCERO;CEBREROS, CALLE, DE;Fte 40;Taxi;Línea;4;
10.20 a;436056,36;4473109,71;01-02-02;10  LATINA;10-03 LUCERO;VILLAMANIN, CALLE, DE;48;Taxi;Línea;4;
10.20 b;436056,58;4473078,77;10-12-04;10  LATINA;10-03 LUCERO;VILLAMANIN, CALLE, DE;39;Taxi;Línea;2;
10.23;433769,17;4470110,14;02-02-15;10  LATINA;10-07 ÁGUILAS;MIRABEL, CALLE, DE;19;Taxi;Línea;2;
11.01;439945,82;4471729,45;27-05-07;11  CARABANCHEL;11-01 COMILLA;ANTONIO LOPEZ, CALLE, DE;65;Taxi;Línea;3;
11.02;436557,36;4469367,49;13-12-10;11  CARABANCHEL;11-06 BUENAVISTA;GUAYABA, CALLE, DE LA;1;Taxi;Línea;7;
11.03;439082,21;4470802,95;21-12-04;11  CARABANCHEL;11-02 OPAÑEL;ELÍPTICA, PLAZA;5;Taxi;Línea;4;
11.04;437636,95;4472234,1;13-12-04;11  CARABANCHEL;11-03 SAN ISIDRO;VIA CARPETANA, CALLE;53;Taxi;Línea;3;
11.05;436837,62;4471086,78;15-12-04;11  CARABANCHEL;11-04 VISTA ALEGRE;OCA, CALLE, DE LA;103;Taxi;Línea;4;
11.06;439236,01;4472112,78;10-03-10;11  CARABANCHEL;11-02 OPAÑEL;MARQUES DE VADILLO, GLORIETA, DEL;5;Taxi;Línea;3;
11.08;438554,35;4470785,46;01-07-14;11  CARABANCHEL;11-07 ABRANTES;OPORTO, AVENIDA, DE;27;Taxi;Línea;4;
11.12;435549,69;4469336,43;01-01-00;11  CARABANCHEL;11-06 BUENAVISTA;JOAQUIN TURINA, CALLE, DE;Fte 70;Taxi;Línea;3;DE LUNES A VIERNES LABORABLES DE 8 A 20H.
11.18;436044,59;4468248,78;14-12-05;11  CARABANCHEL;11-06 BUENAVISTA;PESETA, AVENIDA, DE LA;73B;Taxi;Línea;2;Laborables de Lunes a Viernes de 6 a 16 h.
11.19;438695,85;4472249,84;09-06-06;11  CARABANCHEL;11-03 SAN ISIDRO;COMUNEROS DE CASTILLA, CALLE, DE LOS;S/N;Taxi;Batería;2;
11.20;437162,12;4468370,38;01-06-09;11  CARABANCHEL;11-06 BUENAVISTA;CALDERILLA, CALLE, DE LA;22;Taxi;Línea;4;
11.21 a;437862,82;4471144,91;23-03-10;11  CARABANCHEL;11-04 VISTA ALEGRE;OCA, CALLE, DE LA;2 B;Taxi;Línea;2;
11.21 b;437854,61;4471149,44;03-02-15;11  CARABANCHEL;11-04 VISTA ALEGRE;OCA, CALLE, DE LA;4;Taxi;Línea;2;Laborables de Lunes a Viernes de 8 a 20 h.
12.05;440597,92;4471100,57;02-04-02;12  USERA;12-05 MOSCARDÓ;ANTONIO LOPEZ, CALLE, DE;174;Taxi;Línea;2;
12.08;440736,22;4469648,01;30-12-04;12  USERA;12-02 ORCASUR;ANDALUCIA, AVENIDA, DE;2;Taxi;Línea;6;
12.11;441210,33;4469672,77;01-07-10;12  USERA;12-03 SAN FERMÍN;SAN MARIO, CALLE, DE;S/N;Taxi;Línea;9;
12.12;441181,59;4469746,13;11-11-98;12  USERA;12-03 SAN FERMÍN;SAN MAXIMO, CALLE, DE;33;Taxi;Línea;8;
12.13;440877,34;4469725,21;01-07-10;12  USERA;12-02 ORCASUR;MALAGA, GLORIETA, DE;s/n;Taxi;Línea;6;
12.14;441760,48;4468870,38;26-04-17;12  USERA;12-03 SAN FERMÍN;PERALES, CAMINO, DE;146;Taxi;Línea;7;
12.15;441250,34;4469598,73;29-09-17;12  USERA;12-03 SAN FERMÍN;CARABELOS, CALLE, DE;21;Taxi;Batería;2;
12.16;440449,82;4471305,82;16-10-17;12  USERA;12-05 MOSCARDÓ;ANTONIO LOPEZ, CALLE, DE;111;Taxi;Línea;7;
13.01;443052,41;4470145,06;01-01-00;13  PUENTE DE VALLECAS;13-01 ENTREVÍAS;MANCHA, CALLE, DE LA;Fte 2;Taxi;Batería;8;
13.04;445160,8;4471295,19;01-01-00;13  PUENTE DE VALLECAS;13-05 PORTAZGO;SANTILLANA DEL MAR, CALLE, DE;9;Taxi;Línea;4;
13.05;443962,47;4472447,41;21-01-15;13  PUENTE DE VALLECAS;13-06 NUMANCIA;SIERRA TOLEDANA, CALLE, DE LA;13;Taxi;Línea;2;Laborables de Lunes a Viernes de 6 a 19 h.
13.08;443766,46;4470295,43;21-01-15;13  PUENTE DE VALLECAS;13-03 PALOMERAS BAJAS;PABLO NERUDA, AVENIDA, DE;95;Taxi;Línea;5;Laborables de Lunes a Viernes de 9 a 19 h.
13.15;443959,83;4471593,52;11-04-07;13  PUENTE DE VALLECAS;13-03 PALOMERAS BAJAS;SIERRA DE CADI, CALLE, DE LA;3;Taxi;Línea;6;
13.16;445770,88;4471100,79;17-01-15;13  PUENTE DE VALLECAS;13-04 PALOMERAS SURESTE;SAN CLAUDIO, CALLE, DE;154;Taxi;Batería;2;Laborables de Lunes a Viernes de 9 a 21 h.
13.17;444452,82;4471517,03;17-01-15;13  PUENTE DE VALLECAS;13-06 NUMANCIA;MONLEON, CALLE, DE;10;Taxi;Batería;3;Laborables de Lunes a Viernes de 9 a 21 h.
13.18;444637,46;4470323,35;27-11-13;13  PUENTE DE VALLECAS;13-05 PORTAZGO;PABLO NERUDA, AVENIDA, DE;116 H;Taxi;Línea;3;Laborables de Lunes a Viernes de 8 a 20 h.
13.19;445741,38;4470915,87;15-03-18;13  PUENTE DE VALLECAS;13-04 PALOMERAS SURESTE;ALBUFERA, AVENIDA, DE LA;S/N;Taxi;Línea;2;LABORABLES DE LUNES A VIERNES  DE 9:00 A 21:00 H
14.01;445025,95;4473364,95;09-02-05;14  MORATALAZ;14-03 MARROQUINA;CAMINO DE LOS VINATEROS, CALLE, DEL;103;Taxi;Línea;3;
14.02;445717,83;4472230,5;10-02-05;14  MORATALAZ;14-05 FONTARRÓN;ENCOMIENDA DE PALACIOS, CALLE, DE LA;187;Taxi;Línea;3;Laborables de Lunes a Viernes de a 6 a 19 h.
14.03;444365,96;4473561,96;03-02-05;14  MORATALAZ;14-04 MEDIA LEGUA;ARROYO DE LA MEDIA LEGUA, CALLE, DEL;29;Taxi;Línea;3;
14.04;446223,66;4472365,56;09-02-05;14  MORATALAZ;14-01 PAVONES;HACIENDA DE PAVONES, CALLE, DE LA;S/N;Taxi;Línea;4;Laborables de Lunes a Viernes de 6 a 19 h.
14.05;444087,8;4473142,94;01-01-00;14  MORATALAZ;14-05 FONTARRÓN;CORREGIDOR ALONSO DE AGUILAR, PLAZA, DEL;S/N;Taxi;Línea;3;De 17 a 3 h.
14.07;444821,65;4473037,58;03-02-15;14  MORATALAZ;14-03 MARROQUINA;MORATALAZ, AVENIDA, DE;117;Taxi;Línea;12;
14.08;446005,14;4473317,51;10-07-96;14  MORATALAZ;14-03 MARROQUINA;DOCTOR GARCIA TAPIA, AVENIDA, DEL;139;Taxi;Línea;4;
14.11;445550,44;4473425,65;28-07-15;14  MORATALAZ;14-03 MARROQUINA;MORATALAZ, AVENIDA, DE;201;Taxi;Batería;3;
15.01;445919,12;4476576,53;07-03-05;15  CIUDAD LINEAL;15-03 QUINTANA;ALCALA, CALLE, DE;419;Taxi;Línea;4;
15.02;445409,47;4476277,23;15-02-05;15  CIUDAD LINEAL;15-03 QUINTANA;ALCALA, CALLE, DE;375;Taxi;Línea;3;
15.03;444434,48;4475938,25;11-02-05;15  CIUDAD LINEAL;15-03 QUINTANA;ALCALA, CALLE, DE;279;Taxi;Línea;4;
15.05;444189,92;4475335,68;29-01-15;15  CIUDAD LINEAL;15-01 VENTAS;RICARDO ORTIZ, CALLE, DE;31;Taxi;Línea;3;Lunes a Viernes de 6 a 21 h.
15.06;444180,45;4476269,96;14-02-05;15  CIUDAD LINEAL;15-04 CONCEPCIÓN;VIRGEN DE LA ROCA, CALLE, DE LA;29;Taxi;Línea;4;
15.08;444360,35;4474913,62;11-02-05;15  CIUDAD LINEAL;15-01 VENTAS;MARQUES DE CORBERA, AVENIDA, DEL;3;Taxi;Línea;15;
15.09;444438,22;4477256,49;17-02-05;15  CIUDAD LINEAL;15-05 SAN PASCUAL;CONDESA DE VENADITO, CALLE, DE LA;3;Taxi;Línea;9;
15.10;445079,42;4476073,21;15-02-05;15  CIUDAD LINEAL;15-03 QUINTANA;ALCALA, CALLE, DE;339;Taxi;Línea;4;
15.11 a;443199,33;4481234,64;22-11-99;15  CIUDAD LINEAL;15-09 COSTILLARES;CONDADO DE TREVIÑO, CALLE, DEL;31 A;Taxi;Línea;6;
15.11 b;443236,96;4481250,88;28-05-01;15  CIUDAD LINEAL;15-09 COSTILLARES;CONDADO DE TREVIÑO, CALLE, DEL;31 B;Taxi;Línea;6;
15.13;443292,71;4480989,71;01-01-00;15  CIUDAD LINEAL;15-09 COSTILLARES;ARTURO SORIA, CALLE, DE;301;Taxi;Línea;3;
15.14;444275,76;4476800,4;17-02-05;15  CIUDAD LINEAL;15-05 SAN PASCUAL;SALVADOR DE MADARIAGA, CALLE, DE;11;Taxi;Línea;3;
15.16;444482,56;4478319,66;15-02-05;15  CIUDAD LINEAL;15-06 SAN JUAN BAUTISTA;ARTURO SORIA, CALLE, DE;143;Taxi;Línea;9;
15.17;444679,69;4477881,66;21-06-13;15  CIUDAD LINEAL;15-06 SAN JUAN BAUTISTA;RAMIREZ DE ARELLANO, CALLE, DE;1;Taxi;Línea;14;
15.18;443743,01;4479901,4;26-12-12;15  CIUDAD LINEAL;15-09 COSTILLARES;MESENA, CALLE, DE;102;Taxi;Línea;9;
15.22;443009,2;4480445,6;19-01-15;15  CIUDAD LINEAL;15-09 COSTILLARES;SERRANO GALVACHE, CALLE, DE;14;Taxi;Línea;2;
15.24;445578,35;4475889,8;14-02-05;15  CIUDAD LINEAL;15-02 PUEBLO NUEVO;EMILIO FERRARI, CALLE, DE;51;Taxi;Línea;5;Laborables de Lunes a Viernes de 6 a 21 h.
15.25;443124,95;4480839,66;13-05-13;15  CIUDAD LINEAL;15-09 COSTILLARES;YERMA, CALLE, DE;11;Taxi;Línea;7;Excepto Sabados y Festivos
15.27;444327,25;4475919,33;22-07-04;15  CIUDAD LINEAL;15-04 CONCEPCIÓN;ALCALA, CALLE, DE;269;Taxi;Línea;2;Laborables de Lunes a Viernes de 6 a 21 h.
15.28;443274,78;4480079,59;13-04-05;15  CIUDAD LINEAL;15-09 COSTILLARES;BAUSA, CALLE, DE LA;23;Taxi;Línea;3;
15.31;444423,31;4477638,68;12-12-08;15  CIUDAD LINEAL;15-06 SAN JUAN BAUTISTA;EMILIO VARGAS, CALLE, DE;3B;Taxi;Línea;3;
15.33;443472,63;4480140,67;03-05-11;15  CIUDAD LINEAL;15-09 COSTILLARES;ARTURO SORIA, CALLE, DE;270;Taxi;Línea;3;
15.34;444233,56;4477679,95;21-06-13;15  CIUDAD LINEAL;15-06 SAN JUAN BAUTISTA;RAMIREZ DE ARELLANO, CALLE, DE;27;Taxi;Línea;4;
16.01;446438,63;4479547,4;31-03-05;16  HORTALEZA;16-03 CANILLAS;MOTA DEL CUERVO, CALLE, DE;11;Taxi;Línea;3;Laborables de Lunes a Viernes de 6 a 21 h.
16.02;444812,73;4480195,53;31-03-05;16  HORTALEZA;16-04 PINAR DEL REY;BORJAS BLANCAS, CALLE, DE;6;Taxi;Línea;9;
16.03;444623,21;4479917,21;04-04-05;16  HORTALEZA;16-04 PINAR DEL REY;LOPEZ DE HOYOS, CALLE, DE;341;Taxi;Línea;3;
16.07;444132,75;4480890,02;31-03-05;16  HORTALEZA;16-05 APÓSTOL SANTIAGO;CUEVAS DEL ALMANZORA, CALLE, DE;Fte 18;Taxi;Línea;3;Laborables de Lunes a Viernes de 6 a 21 h.
16.08;445083,45;4479375,61;06-04-05;16  HORTALEZA;16-03 CANILLAS;CANILLAS, CARRETERA, DE;41;Taxi;Batería;2;Laborables de Lunes a Viernes de 6 a 21 h.
16.09;447989,14;4478201,34;06-04-05;16  HORTALEZA;16-01 PALOMAS;LUIS DE LA MATA, CALLE, DE;18;Taxi;Línea;3;Laborables de Lunes a Viernes de 6 a 21 h.
16.11;445296,9;4478697,56;07-04-06;16  HORTALEZA;16-02 PIOVERA;MOSCATELAR, CALLE, DE;34;Taxi;Línea;6;
16.12;447568,04;4478618,21;23-11-09;16  HORTALEZA;16-01 PALOMAS;ANDES, AVENIDA, DE LOS;50;Taxi;Línea;6;
16.15;445337,27;4484342,93;05-10-05;16  HORTALEZA;16-06 VALDEFUENTES;JULIO CARO BAROJA, CALLE, DE;4;Taxi;Línea;2;
16.19;443372,26;4481975,21;15-03-10;16  HORTALEZA;16-06 VALDEFUENTES;MANOTERAS, AVENIDA, DE;20 posterior;Taxi;Línea;5;
16.20;443300,79;4482192,04;16-03-10;16  HORTALEZA;16-06 VALDEFUENTES;MANOTERAS, AVENIDA, DE;20 A;Taxi;Línea;2;
16.21;444269,13;4482783,29;14-02-18;16  HORTALEZA;16-06 VALDEFUENTES;ANA DE AUSTRIA, CALLE, DE;26;Taxi;Línea;3;DE LUNES A VIERNES LABORABLES DE 9 A 19 HORAS
16.22;444447,32;4482420,87;21-09-17;16  HORTALEZA;16-06 VALDEFUENTES;PRINCESA DE EBOLI, CALLE, DE LA;S/N;Taxi;Línea;1;DE LUNES A VIERNES LABORABLES DE 6 H A 21 H
16.23;446541,92;4480437,95;15-04-11;16  HORTALEZA;16-06 VALDEFUENTES;TOMAS REDONDO, CALLE, DE;3;Taxi;Línea;3;
16.24;443847,52;4482630,45;16-12-12;16  HORTALEZA;16-06 VALDEFUENTES;FRANCISCO PI Y MARGALL, AVENIDA, DE;S/N;Taxi;Línea;7;
16.25;443518,81;4482268,34;30-12-11;16  HORTALEZA;16-06 VALDEFUENTES;OÑA, CALLE, DE;10;Taxi;Línea;3;
16.26;446358,03;4480611,36;03-01-12;16  HORTALEZA;16-06 VALDEFUENTES;VIA DE LOS POBLADOS, CALLE;S/N;Taxi;Línea;8;
16.27 a;443806,19;4480402,46;06-02-15;16  HORTALEZA;16-05 APÓSTOL SANTIAGO;BURGO DE OSMA, CALLE, DE;81;Taxi;Línea;2;
16.27 b;443812,87;4480421,8;06-02-15;16  HORTALEZA;16-05 APÓSTOL SANTIAGO;SAN LUIS, AVENIDA, DE;S/N;Taxi;Línea;4;
16.28;446122,98;4479353,02;23-02-13;16  HORTALEZA;16-03 CANILLAS;MACHUPICHU, AVENIDA, DE;S/N;Taxi;Línea;5;
16.29;444708,26;4484732,95;21-04-05;16  HORTALEZA;16-06 VALDEFUENTES;MEDIODIA, CARRETERA, DEL;30;Taxi;Línea;6;
16.30;447794,81;4482726;29-12-15;16  HORTALEZA;16-06 VALDEFUENTES;LUIS MOYA BLANCO, CALLE, DE;8;Taxi;Línea;2;
16.31;444335,18;4480260,26;15-06-17;16  HORTALEZA;16-04 PINAR DEL REY;SAN LUIS, AVENIDA, DE;25;Taxi;Línea;2;
16.32;447773,76;4482826,06;16-03-18;16  HORTALEZA;16-06 VALDEFUENTES;LUIS MOYA BLANCO, CALLE, DE;15;Taxi;Línea;2;DE LUNES A VIERNES DE 9 A 14 H.
17.01;440967,36;4467998,64;01-07-10;17  VILLAVERDE;17-05 LOS ÁNGELES;LA VERBENA DE LA PALOMA, AVENIDA, DE;3;Taxi;Línea;12;
17.04;441273,8;4467026,19;13-04-07;17  VILLAVERDE;17-04 LOS ROSALES;JUAN JOSE MARTINEZ SECO, CALLE, DE;S/N;Taxi;Línea;3;
17.09;439784,53;4466455,68;14-01-05;17  VILLAVERDE;17-01 CASCO HISTÓRICO DE VILLAVERDE;ALBERTO PALACIOS, PASEO, DE;1;Taxi;Línea;3;
18.07;448218,15;4470323,27;01-02-05;18  VILLA DE VALLECAS;18-02 SANTA EUGENIA;SANTA EUGENIA, AVENIDA, DE;Fte 48;Taxi;Línea;2;Excepto de 20 a 8 h.
18.09 a;447252,26;4470095,26;04-10-04;18  VILLA DE VALLECAS;18-01 CASCO HISTÓRICO DE VALLECAS;REAL DE ARGANDA, CALLE;1;Taxi;Línea;3;
18.09 b;447230,06;4470109,92;31-01-05;18  VILLA DE VALLECAS;18-01 CASCO HISTÓRICO DE VALLECAS;SIERRA GADOR, CALLE, DE LA;47;Taxi;Línea;1;
18.09 c;447215,4;4470118,1;31-01-05;18  VILLA DE VALLECAS;18-01 CASCO HISTÓRICO DE VALLECAS;SIERRA GADOR, CALLE, DE LA;45;Taxi;Línea;2;
18.10;448728,65;4470350,62;22-01-15;18  VILLA DE VALLECAS;18-02 SANTA EUGENIA;POZA DE LA SAL, CALLE, DE;S/N;Taxi;Batería;5;Laborables de Lunes a Viernes de 6 a 21 h.
18.11;447636,1;4470903,04;29-02-08;18  VILLA DE VALLECAS;18-02 SANTA EUGENIA;SABINO FERNANDEZ CAMPO, CALLE, DE;Fte 5;Taxi;Línea;4;
18.12 a;449174,91;4468644,96;21-05-12;18  VILLA DE VALLECAS;18-03 ENSANCHE DE VALLECAS;LAS SUERTES, AVENIDA, DE;53;Taxi;Línea;2;
18.12 b;449144,66;4468664,83;04-05-10;18  VILLA DE VALLECAS;18-03 ENSANCHE DE VALLECAS;LAS SUERTES, AVENIDA, DE;53;Taxi;Línea;3;
18.13;448751,1;4470155,91;21-05-12;18  VILLA DE VALLECAS;18-02 SANTA EUGENIA;FUENTESPINA, CALLE, DE;2 A;Taxi;Línea;2;Lunes a viernes de 8 a 21 h.
18.14;448826,11;4468511,35;21-05-12;18  VILLA DE VALLECAS;18-03 ENSANCHE DE VALLECAS;ENSANCHE DE VALLECAS, AVENIDA, DEL;49;Taxi;Línea;3;Laborables de 8 a 20 h.
19.06;448375,57;4472804,75;30-10-09;19  VICÁLVARO;19-01 CASCO HISTÓRICO DE VICÁLVARO;SAN CIPRIANO, CALLE, DE;11;Taxi;Línea;3;
19.08;447243,81;4472089,94;18-02-05;19  VICÁLVARO;19-02 VALDEBERNARDO;JOSE PRAT, BULEVAR, DE;21;Taxi;Línea;5;
19.09;447230,52;4472333,17;15-01-15;19  VICÁLVARO;19-02 VALDEBERNARDO;INDALECIO PRIETO, BULEVAR, DE;26;Taxi;Línea;3;Laborables de Lunes a Viernes de 6 a 19 h.
19.11;449350,15;4472518,34;31-05-15;19  VICÁLVARO;19-03 VALDERRIBAS;GRAN VIA DEL ESTE, AVENIDA, DE LA;14;Taxi;Línea;3;LABORABLES DE LUNES A VIERNES DE 6:00 A 19:00 H
19.14;447953,78;4473113,62;16-08-18;19  VICÁLVARO;19-01 CASCO HISTÓRICO DE VICÁLVARO;CALAHORRA, CALLE, DE;114;Taxi;Línea;2;Laborables de Lunes a Viernes de 6 a 19.00 h
20.01;446791,09;4474927,75;11-02-05;20  SAN BLAS-CANILLEJAS;20-03 AMPOSTA;INSTITUCION LIBRE DE ENSEÑANZA, AVENIDA, DE LA;89;Taxi;Línea;5;
20.02;446393,61;4475657,67;08-03-05;20  SAN BLAS-CANILLEJAS;20-01 SIMANCAS;INSTITUCION LIBRE DE ENSEÑANZA, AVENIDA, DE LA;49;Taxi;Línea;6;
20.03;447344,12;4475096,99;13-06-01;20  SAN BLAS-CANILLEJAS;20-03 AMPOSTA;AMPOSTA, CALLE, DE;S/N;Taxi;Línea;5;
20.07;448322,08;4477702,94;23-02-10;20  SAN BLAS-CANILLEJAS;20-07 CANILLEJAS;ALCALA, CALLE, DE;628;Taxi;Línea;4;
20.08;447767,6;4475645,87;15-01-15;20  SAN BLAS-CANILLEJAS;20-02 HELLÍN;HELLIN, AVENIDA, DE;42;Taxi;Batería;3;Laborables de Lunes a Viernes de 8 a 19 h.
20.09 b;446700,16;4477640,98;04-03-05;20  SAN BLAS-CANILLEJAS;20-08 SALVADOR;JUAN IGNACIO LUCA DE TENA, CALLE, DE;34;Taxi;Línea;5;
20.10;447308,92;4474459,5;17-01-15;20  SAN BLAS-CANILLEJAS;20-04 ARCOS;GUADALAJARA, AVENIDA, DE;4;Taxi;Línea;5;
20.14;448522,85;4475635,32;15-01-15;20  SAN BLAS-CANILLEJAS;20-05 ROSAS;NIZA, AVENIDA, DE;37;Taxi;Línea;3;Laborables de Lunes a Viernes de 6 a 19 h.
20.15;447870,64;4477351,72;16-01-15;20  SAN BLAS-CANILLEJAS;20-07 CANILLEJAS;ALCALA, CALLE, DE;581;Taxi;Línea;4;Laborables de Lunes a Viernes de 6 a 19 h.
20.16;448714,35;4475403,52;17-01-15;20  SAN BLAS-CANILLEJAS;20-05 ROSAS;SUECIA, CALLE, DE;64;Taxi;Línea;2;Laborables de Lunes a Viernes de 6 a 19 h.
20.17;451109,14;4477710,45;16-01-15;20  SAN BLAS-CANILLEJAS;20-06 REJAS;BELFAST, CALLE, DE;frente 11;Taxi;Línea;3;Laborables de Lunes a Viernes de 6 a 19 h.
20.18;446402,09;4476723,68;26-04-04;20  SAN BLAS-CANILLEJAS;20-01 SIMANCAS;ALCALA, CALLE, DE;476;Taxi;Línea;2;Laborables de Lunes a Viernes de 8 a 19 h.
20.19;446359,42;4476106,67;18-10-04;20  SAN BLAS-CANILLEJAS;20-01 SIMANCAS;JULIAN CAMARILLO, CALLE, DE;Fte 4;Taxi;Línea;3;
20.20;446001,45;4477646,44;15-12-08;20  SAN BLAS-CANILLEJAS;20-08 SALVADOR;JUAN RIZI, CALLE, DE;5;Taxi;Línea;3;
20.21;450586,39;4477438,83;16-01-15;20  SAN BLAS-CANILLEJAS;20-06 REJAS;CAMPEZO, CALLE, DE;S/N;Taxi;Línea;2;Laborables de Lunes a Viernes de 6 a 21 h.
20.22;445608,48;4477777,87;25-06-09;20  SAN BLAS-CANILLEJAS;20-08 SALVADOR;JOSEFA VALCARCEL, CALLE, DE;40;Taxi;Batería;3;
20.23;448520,15;4475068,57;15-01-15;20  SAN BLAS-CANILLEJAS;20-05 ROSAS;GINEBRA, PASEO, DE;8;Taxi;Línea;3;Laborables de Lunes a Viernes de 6 a 19 h.
20.25;450621,93;4477641,93;09-05-11;20  SAN BLAS-CANILLEJAS;20-06 REJAS;CAMPEZO, CALLE, DE;1;Taxi;Línea;5;
20.26;450617,78;4477596,94;09-05-11;20  SAN BLAS-CANILLEJAS;20-06 REJAS;CAMPEZO, CALLE, DE;3;Taxi;Línea;5;
20.27;447432,86;4477043,35;19-07-11;20  SAN BLAS-CANILLEJAS;20-01 SIMANCAS;CRONOS, CALLE, DE;Fte 69;Taxi;Línea;4;
20.28;448600,86;4476071,25;15-09-17;20  SAN BLAS-CANILLEJAS;20-05 ROSAS;SUECIA, CALLE, DE;100 E;Taxi;Línea;5;
20.30;447062,76;4477651,28;09-07-18;20  SAN BLAS-CANILLEJAS;20-08 SALVADOR;MARQUESADO DE SANTA MARTA, CALLE, DEL;7;Taxi;Batería;3;
20.31;446519,65;4476410,9;23-07-18;20  SAN BLAS-CANILLEJAS;20-01 SIMANCAS;ALBASANZ, CALLE, DE;9;Taxi;Línea;3;
21.01;450634,98;4478833,65;22-10-11;21  BARAJAS;21-01 ALAMEDA DE OSUNA;GALEON, CALLE, DEL;27;Taxi;Batería;5;
21.02;450992,89;4480495,02;25-02-05;21  BARAJAS;21-03 CASCO HISTÓRICO DE BARAJAS;MAYOR DE BARAJAS, PLAZA;2;Taxi;Batería;10;
21.04;450121,86;4478475,55;03-03-05;21  BARAJAS;21-01 ALAMEDA DE OSUNA;NAVIO, PLAZA, DEL;S/N;Taxi;Línea;4;
21.05;450126,03;4478194,53;03-03-05;21  BARAJAS;21-01 ALAMEDA DE OSUNA;MAR, PLAZA, DEL;1;Taxi;Línea;4;
21.07 a;447816,75;4479156,44;01-02-05;21  BARAJAS;21-05 CORRALEJOS;CAPITAL DE ESPAÑA MADRID, AVENIDA, DE LA;4;Taxi;Línea;5;
21.07 b;447805,33;4479221,09;01-02-05;21  BARAJAS;21-05 CORRALEJOS;CAPITAL DE ESPAÑA MADRID, AVENIDA, DE LA;6;Taxi;Línea;1;
21.08;447712,44;4479380,59;18-06-09;21  BARAJAS;21-05 CORRALEJOS;PARTENON, AVENIDA, DEL;10;Taxi;Línea;6;
21.09;449606,41;4477999,29;07-03-05;21  BARAJAS;21-01 ALAMEDA DE OSUNA;OBENQUE, CALLE, DEL;3;Taxi;Línea;3;
21.10;447378,56;4479232,93;02-01-12;21  BARAJAS;21-05 CORRALEJOS;RIBERA DEL LOIRA, CALLE, DE LA;S/N;Taxi;Línea;15;
21.11;447631,96;4479019,96;02-01-12;21  BARAJAS;21-05 CORRALEJOS;RIBERA DEL LOIRA, CALLE, DE LA;S/N;Taxi;Línea;12;
21.12;451626,67;4479403,11;01-12-04;21  BARAJAS;21-02 AEROPUERTO;BARAJAS, AEROPUERTO, DE;S/N;Taxi;Línea;404;
21.13;451700,7;4479900,22;01-12-04;21  BARAJAS;21-02 AEROPUERTO;BARAJAS, AEROPUERTO, DE;S/N;Taxi;Línea;1200;
21.14;449725,28;4482457,83;28-02-06;21  BARAJAS;21-04 TIMÓN;(Sin Asignar);S/N;Taxi;Línea;1360;
21.15;450666,02;4480726,4;14-01-11;21  BARAJAS;21-03 CASCO HISTÓRICO DE BARAJAS;PAJARONES, CALLE, DE LOS;18;Taxi;Línea;3;
21.16;450779,47;4480114,02;29-10-10;21  BARAJAS;21-03 CASCO HISTÓRICO DE BARAJAS;GENERAL, AVENIDA;36;Taxi;Línea;2;Laborables de Lunes a Viernes de 6  a 19 h.
21.17;447124,94;4479582,83;02-01-12;21  BARAJAS;21-05 CORRALEJOS;RIBERA DEL LOIRA, CALLE, DE LA;20;Taxi;Línea;8;
